[
    {
        "id": "0",
        "createdAt": null,
        "updatedAt": null,
        "idAsInt": null,
        "text": "Yes",
        "completed": false,
        "created_at": "2019-04-26T09:51:27.494884",
        "updated_at": "2019-04-26T09:51:27.494884"
    },
    {
        "id": "1",
        "createdAt": null,
        "updatedAt": null,
        "idAsInt": null,
        "text": "nOPE",
        "completed": false,
        "created_at": "2019-04-26T09:51:37.847741",
        "updated_at": "2019-04-26T09:51:37.847741"
    }
]